eid,ename,age,salary
1,Jarrod,65,46650.39
2,Maris,43,35884.55
3,Erasmus,49,19390.65
4,Minerva,69,92275.32
5,Ursa,69,58609.05
6,Jonas,67,35590.53
7,Josiah,60,99110.19
8,Jermaine,33,95899.03
9,Jelani,61,36266.48
10,Erasmus,42,88830.95
11,Blake,28,86150.92
12,Brock,41,17206.1
13,William,32,90867.02
14,Quinn,38,21760.36
15,Nathaniel,45,87538.48
16,Jocelyn,26,34150.79
17,Palmer,30,93075.09
18,Kenyon,29,97599.57
19,Risa,54,97219.66
20,Justine,20,71475.7
21,Zia,68,29359.6
22,Regan,67,15629.89
23,Demetrius,63,33664.81
24,Sopoline,53,29213.67
25,Whitney,49,70652.82
26,Rashad,29,15193.63
27,Lewis,60,71572.85
28,Belle,35,58725.99
29,Kiona,48,46571.09
30,Noah,63,46991.49
31,Jameson,24,37964.4
32,Lydia,64,1185.82
33,Quail,60,93191.38
34,Hilda,59,87499.62
35,Noble,62,22422.4
36,Noel,35,21333.03
37,Cadman,39,5285.24
38,Myles,69,52697.86
39,Ginger,30,90569.5
40,Dorian,63,19189.12
41,Mariam,59,78418.46
42,Juliet,21,87930.53
43,Kerry,22,58776.19
44,Elijah,56,43106.03
45,Jescie,23,34802.42
46,Oleg,46,87393.19
47,Hammett,23,95718.34
48,Amena,54,88432.25
49,Laura,27,30531.4
50,Joshua,52,75263.55
51,Ross,44,66944.66
52,Reuben,53,98817.59
53,Cameron,56,16707.24
54,Minerva,35,69260.55
55,Harding,46,91333.81
56,Darius,66,18532.24
57,Oliver,36,13260.7
58,Dennis,35,63101
59,Whilemina,48,12345.21
60,Lacy,41,86019.59
61,Beatrice,33,89370.61
62,Holmes,38,64594.62
63,Kimberley,36,83493.85
64,Marvin,56,21345.91
65,Clare,26,15652.56
66,Brendan,30,33767.04
67,Kelly,66,91087.64
68,Deborah,42,65792.42
69,Baker,69,37423.53
70,Mariam,59,85206.26
71,Urielle,26,69570.54
72,Petra,65,76700.62
73,Sean,62,40126.08
74,Carol,55,53771.57
75,Carla,53,34053.35
76,Zenaida,46,30224.77
77,Britanney,25,47348.19
78,Cairo,20,43795.4
79,Regan,66,74849.99
80,Linda,67,20727.59
81,Darryl,47,63375.02
82,Emerald,31,23196.14
83,Rosalyn,36,34277.21
84,Aileen,49,14048.8
85,Geoffrey,22,6234.96
86,Warren,29,81584.53
87,Abbot,20,46003.91
88,Cain,23,6399.55
89,Vance,68,63387.3
90,Paloma,57,20543.04
91,Lester,28,9678.68
92,Keiko,29,9831.72
93,Oleg,45,90685.28
94,Berk,33,50095.96
95,Iris,33,89091.87
96,Brock,48,66581.64
97,Yoko,32,13684.38
98,Vivien,38,77412.86
99,Bree,35,54842.05
100,Orson,22,97039.33
